headline,label
Friday Fun Thread!,1
Maxine Waters cancels events after receiving a ‘very serious death threat’,-1
"After shooting, will Trump stop abusing journalists? Let’s revisit that conversation about ‘civility.’",-1
Federal Court Strikes Down Kentucky’s Medicaid Work Requirement,-1
How the Supreme Court pretends to be reasonable,1
Capital Gazette publishes blank opinion page following shooting: 'Today we are speechless',0
"Alexandria Ocasio-Cortez explains democratic socialism on the ""Late Show""",0
Trump's pick to lead U.N. migration agency is rejected,-1
"Maryland shooting: Trump ducks questions over Capital Gazette killings, as president's attacks on journalists come into focus",-1
Budowsky: Obama remains AWOL for Dems,-1
Senate Republicans just rebuked Trump on family separations,0
"Twitter launches its Ads Transparency Center, where you can see ads bought by any account",0
The UN’s Migration Body Rejects Trump’s Pick to Be Its Leader,-1
Toddlers are having to appear in border courts all alone,-1
Sunday on 'This Week': Sen. Susan Collins and Sen. Amy Klobuchar,0
Court: Trump administration exceeded authority by delaying emissions penalties,0
President says journalists should be free from fear of being attacked,-1
Trump claims success with North Korea. And misstates the facts.,1
Sweeping California consumer privacy bill approved by Jerry Brown,1
Papadopoulos sentencing set for September,0
Agents Seek to Dissolve I.C.E. in Immigration Policy Backlash,0
Maria Hinojosa: Policy is a consistent 'dehumanization of people',0
"Yeah, Let's Go After the Disaster Responders",-1
Trump reportedly wants the US to withdraw from World Trade Organization,0
Mayor of a Pittsburgh suburb asked police to hose down protesters with water cannons,-1
Still digging: Jeff Sessions says Trump administration ‘never really intended’ to separate families,0
GM Warns Trump Tariffs Could Lead the Carmaker to Shrink in the U.S.,0
Trump advocates depriving undocumented immigrants of due-process rights,-1
Top House Dems demand broad watchdog investigations into Trump immigration policy,0
Another Trump effect: More foreign students are passing on colleges in Texas and U.S.,0
"‘When will I see you, Mama?’: A family split throughout the country waits to be reunited",0
How Sessions Is Making an Overstretched Deportation System Even Less Fair,1
Federal judge strikes down Matt Bevin's Medicaid work requirements,-1
‘Which side are you on?’: Liberals pressure centrist Democrats on Trump’s court pick,-1
Paul Manafort owes $10 million to a Russian oligarch.,0
Trump's Trade Policy Is Getting Worse by the Day,-1
'It's Not Just One District': Ocasio-Cortez Pushes Back Against Nancy Pelosi's Dismissal of Progressive Wave,0
"The U.S. Military Is Preparing to Hold 32,000 Immigrants in Detention Centers",-1
Trump Claims Ivanka and Melania 'Love The Women And The Women Love Them'—But People Disagree.,1
White House official 'not aware' of Trump plans to pull out of WTO,0
Poll: Two-thirds of Americans Don’t Want the Supreme Court to Overturn Roe v. Wade,1
'Every day here we are waiting to die': Mexican journalist detained in U.S. fears for life,-1
Justice versus Trump on election interference,1
Ocasio-Cortez pushes back on Pelosi’s analysis of win: ‘I think that we’re in the middle of a movement’,1
The White House Is Becoming A Ghost Town. Trump Loyalists Worry It's Going To Get Worse.,-1
Black senators introduce anti-lynching bill,0
Trump says Maryland shooting 'filled our hearts with grief',-1
And the winner of DeSantis vs. Putnam debate? Trump!,1
Vice President Mike Pence announced Tuesday that the United States will provide an additional $10 million in humanitarian aid to Venezuelans who have fled the country,1
How Kennedy's Retirement Will Push the War Over Abortion Into Overdrive,-1
Discounted U.S. Weapons Sales Under Scrutiny by Key Lawmakers,-1
"US Still Hasn't Received Soldiers' Remains from North Korea, Says Pompeo",0
US Treasury Secretary Slams Report That Trump Wants to Exit WTO,1
A top House Democrat loses in upset; Trump extends his winning streak in GOP primaries,1
America’s most insidious union-buster? Its own government,0
A Visual History of the U.S. Census,0
Milo Yiannopoulos comments on vigilantes 'gunning journalists down',0
The assassination of the American union,-1
Ivanka Trump's associates baffled by her silence on border,0
Why Trump just admitted defeat on border separations,-1
Louisiana sees large drops in prison population a year after historic criminal justice reforms,-1
Senate Democrats who voted for Gorsuch meet with Trump,0
Capital Gazette shooting victim Gerald Fischman: Clever and quirky voice of a community newspaper,1
ICE Rigged Its Vetting Tool To Make Sure It Can Always Keep Immigrants Locked Up,0
Trump Versus the Hog-Maker,0
California's Costly Global Warming Campaign Turns Out To Be Worse Than Useless,-1
Kavanaugh is said to be a front-runner to replace retiring Justice Anthony Kennedy,1
"Student loan servicer cheats borrowers, California attorney general says",-1
Trump’s false portrayal of his Sanford insult goes largely unchallenged by House Republicans: ‘It wasn’t a big deal’,-1
Why does EPA boss Scott Pruitt still have a job?,0
Report: Trump wants to announce Supreme Court nominee by July 11,1
CNN reporter shouts at Trump: 'Will you stop calling the press the enemy of the people?,-1
Trump literally begs Harley-Davidson to reconsider move to Europe,0
Jeff Flake hints at slowing down Senate work to extract concessions from Trump,0
Maryland newspaper writer in emotional interview: 'We need more than prayers',0
"'Colossal Failure of Leadership,' Warn Progressives, If Schumer Can't Unify Democrats to Block Trump Supreme Court Nominee",-1
'Even a blind person' can see Mueller using Manafort to 'target' Trump: judge,-1
"Trump surpasses 3,000 false or misleading claims",-1
White House asks billionaire Koch network to join activist coalition to lobby for SCOTUS nominee,1
Capitol Police Arrest More Than 600 Women Chanting ‘Abolish ICE’,-1
Milo Yiannopoulos reacts to Maryland newspaper killings: 'I wasn't serious' about hoping journalists would be shot,-1
Graham whacks Trump over attacks on McCain,-1
"How Republicans are divided over Trump’s immigration policy: For it, against it and keeping their mouths shut",0
‘Capital Gazette’ Survivor: I Don't ‘Give a F*ck’ About Your Thoughts and Prayers,1
GOP anxious to subvert Mueller as Trump Russia probe pushes on,-1
Nervous investors exiting US stocks at near-record pace on trade-war fears,-1
Fact-checking President Trump’s claims about the North Korea deal,0
"In Trump’s Russia Summit, Putin Holds All the Cards",0
Fox News Checked The Ideology Of The Capital Gazette After The Mass Shooting And People Are Pissed,-1
Michael Moore's documentary about Trump's election gets September release date,0
Joe Scarborough: Trey Gowdy knows better,1
"Top Ivanka Ally Leaves White House, Signals Giving Up On Paid Family Leave",1
Trump meets with key senators as he starts full-court press to nominate new justice,1
Judge Rejects CIA’s Absurd Secrecy Claim on Botched Yemen Raid,-1
It's open hunting season on endangered Carolina red wolves if the feds get their way,0
"Reuters editor apologizes, could be disciplined after blaming Capital Gazette shooting on Trump",0
First lady Melania Trump makes second visit to border detention facility,-1
What Trump-supporting Harley owners say about the president's fight with the company,-1
'The Wire' Creator Eviscerates Marco Rubio After Newsroom Shooting,0
Trump now has a Tennessee weed bill with his name on it,0
Trump just forced Republicans to take a tiny step toward immigration changes,-1
Trump promises historic economic growth...,1
Patreon Is Suspending Adult Content Creators Because of Its Payment Partners,0
Brexit leader to headline GOP Senate hopeful’s fundraiser,0
Every Newspaper Reporter Knows Jarrod Ramos,0
“They basically disappeared him”,-1
Ohio debates law to require teachers to 'out' transgender students to parents,0
Anthony Kennedy’s replacement could make it harder to fight climate change,-1
Trump is clueless about the global market,-1
The Democrat Is Up Big In Arizona’s Senate Race — For Now,0
"The controversy over Maxine Waters’s call for confrontation, explained",-1
China won't give up 'one inch' of territory says President Xi to Mattis,0
President Trump wants to know why he’s not considered ‘elite’,0
Anti-corruption watchdogs wonder: 'Who is funding Mexico's presidential candidates?' | Reuters,0
President considering replacement for John Kelly: Sources,0
Protests against Trump immigration policy expected nationwide,-1
Susan Sarandon Arrested at Protest Against Trump’s Immigration Policy: 'Keep Fighting',-1
Trump is kowtowing to the Kremlin again. Why?,0
The Capital Gazette shooting shows why an assault weapons ban can’t solve America’s gun problem,-1
North Carolina GOP Puts Voter ID Amendment On November Ballot,0
Workers are free at last — to sink,1
‘I’ve got one tough wife’: McConnell ‘loved’ watching Elaine Chao confront protesters,-1
Trump says Capital Gazette shooting 'shocked the conscience of our nation',-1
‘It’s obscene’: GOP candidate seethes as Trump embraces Democratic senator,0
Obama: I told Trump to just rename Obamacare and take credit for it,1
Jarrod W. Ramos: Capital Gazette shooting suspect had long-running feud with Maryland newspaper,-1
Thousands Are Expected to Attend the Families Belong Together Marches Across the U.S. Here's What to Know,0
State Department Report Warns Kids in Government-Run Facilities ‘Easy Targets’ for Human Traffickers,0
Trump yanked around by Portuguese president during vigorous handshake,0
VP Pence tells Central America to do more to stop migrants,-1
ICE is rounding up green card holders,0
Duckworth joins women's Capitol protest with baby,-1
Sean Hannity Accidentally Made a Great Argument for Socialism,0
Trump must appoint a 'Family Reunification Czar',0
"North Korea improving nuclear facility despite Kim Jong-un's pledge, satellite images show",1
A third of Maryland Democrats don’t even want to bother appealing to Trump voters,-1
Kirsten Gillibrand Becomes First Sitting Senator to Call to Abolish ICE,0
Migrant Kids Could Be Held Disturbingly Near A Japanese-American Internment Camp,-1
New House Bill Would Empower Donald Trump to Punish U.S. Companies That Boycott Israel,-1
Reporter Resigns After Falsely Tweeting MD Shooter Wore Trump ‘MAGA’ Hat,-1
"Apparently feeling betrayed, Trump pleads with Harley-Davidson",-1
"If You Really Want to Curb Migration, Get Serious About Climate Change",0
‘Preparing the battlefield’: Hackers implant digital grenades in industrial networks,0
Sean Hannity Blames Maxine Waters For Capital Gazette Shooting,-1
Federal judge overturns approval of Kentucky Medicaid work provisions,1
This Week: Robert Mueller Accelerates His Probe As Midterms Loom,-1
Trump can’t stop dissing John McCain,-1
More than 600 charged in nation's largest health care fraud investigation,-1
The G.O.P.’s Total Inability to Pass a Bill Is Making Trump’s Border Crisis Even Worse,-1
"WATCH: Trump celebrates tax cuts, talks mass shooting",1
"Trump Will Get His Supreme Court Pick, and Democrats Will Get Revenge",0
Is there a cadre of closeted Trump supporters in Hollywood?,1
Americans really don’t want to get rid of Roe v. Wade,0
What Joe Crowley’s Defeat Has to Do With Democratic Party 'Superdelegates',0
The Truth About Trump's Young White Male Voters,1
Pelosi’s claim that 86 million ‘middle-class’ Americans will see taxes rise under Trump tax bill,-1
Mnuchin claims it’s an “exaggeration” that Trump wants to exit WTO,0
Alexandria Ocasio-Cortez warns that Trump 'doesn't know how to deal with a girl from the Bronx',0
We’re About to Find Out How Bad It Will Get Without Justice Kennedy,-1
Nearly 600 women arrested at immigration protests in the Senate building,-1
Trump suggests Macron should have left the EU for a trade deal with the US,0
Sen. Susan Collins to AG Sessions: 'Reconsider' stance on Obamacare suit,0
Is the Trump White House behind Justice Anthony Kennedy's Supreme Court retirement?,1
"Social Security, HUD act on Trump’s orders in move to emasculate unions",1
Fact-checking President Trump’s claims on immigration,0
Pelosi: Crowley’s Defeat Doesn’t Mean Democratic Socialism Is Party’s Future,-1
"Following Trump’s order, HUD moves to evict union from agency buildings",0
It sure looks like China’s preparing for a trade war with the US,0
"CHIP, CHIMPs and Trump’s budget-rescission request: a guide to the debate",0
"Trump’s new milestone: 3,251 false or misleading claims",-1
President Trump’s claim that James B. Comey ‘lied in Congress to Senator G’,0
The government faces deadlines to reunite migrant families. It’s unclear if it will meet them.,-1
Republicans grill FBI and DOJ officials over HRC Investigation and Anti-Trump Messages.,0
A Republican Running For Governor In Florida Won’t Own Up To His Trump Trashing,0
Looking back at the landmark SCOTUS same-sex marriage ruling: Throwback Thursday,0
Get Ready For A White House Run By Fox News,1
"ATF Flips on Bump Stock Ban, Some Gun Rights Groups Are Mad",-1
Eugene Robinson: Democrats must channel anti-Trump fervor into winning midterms,1
Watergate Prosecutor: GOP Attacks On Rod Rosenstein 'An Outrage' | The Beat With Ari Melber | MSNBC,-1
Pence urges Latin American countries to isolate Venezuela,-1
Russian TV boasts about electing Trump ahead of summit with Putin,0
Paul Manafort Is Running Out Of Options To Stop A Trial From Starting Next Month,-1
The Pentagon Just Gave up the Pretense of Deterring Conflict,-1
Michael Avenatti Represented Marijuana Farm Before Taking on Donald Trump Over Stormy Daniels and Migrant Children,0
House Republicans Hope to Resuscitate Immigration Issue,1
"Growing class division is destabilizing our society, argues author and philosopher Matthew Stewart on PBS NewsHour.",-1
Court nixes challenge to rare California bullet stamping law,0
"As Nation Mourns Newsroom Massacre, ""Toxic Masculinity"" Mixed With Guns Once More Lamented",-1
The GOP backs Trump on separating families at the border — which is all he cares about,1
Cuomo moves to protect trans health care in advance of Trump rollback,1
Manafort asks appeals court for release,0
"Harry Reid, Republican Mastermind",0
What Should America Expect from a More Originalist Supreme Court?,1
Senators visiting Russia say they hope Trump shares their tough message to Putin,1
Washington Girds for Battle Over Kennedy’s Replacement,-1
The President Shouldn't Act as an Arms Dealer to the Saudis,0
"Poll shows Feinstein with big lead over Kevin de León, but there’s a surprise",1
What Alexandria Ocasio-Cortez’s victory says about Democrats’ future,0
Bob Corker accused Trump supporters of being ‘cultish.’ He helped create the cult.,1
Congresswoman Jayapal arrested during immigration protest in Washington D.C.,-1
‘Abolish ICE’ is a good thing. Even if it scares some Democrats and Republicans demagogue it.,0
Photos of the Day: 575 Protesters Charged at Senate’s Hart Building at Immigration Rally,-1
"White House insists Kelly isn't going anywhere, but it's a familiar refrain",0
Fox News runs ideological purity test on newsroom that just experienced a mass shooting,0
Surprise! It would take nine years for all of Trump’s nominations to be approved,1
Science Says: How family separation may affect kids' brains,0
Trump may nominate top court pick before July 10: White House official,1
Obama to Dems: ‘You are right to be concerned’ about Trump,0
Congress leaves town without voting on fix to stop family separations at border,-1
Alexandria Ocasio-Cortez: I don’t think Trump ‘knows how to deal with a girl from the Bronx’,0
Poll: Vast Majority of Democrats Do Not Want ICE Abolished,0
I no longer have hope in white America,0
Trump to receive briefing on inspector general’s Clinton email report before it goes public,0
Trump sounds like he doesn’t really want an immigration deal,1
"In 2018, Trump's Twitter is a campaign megaphone",0
The historical tactics Dems. could use to fight Trump SCOTUS pick,-1
Democrats' best hope to stall Trump's next Supreme Court justice just collapsed,1
Fact-checking Trump’s error-filled tweetstorm about the Mueller probe,0
The Peace Deal That is All Israel,1
"June 26 Primary Results: More women running, more women winning",1
The Dark Parts Of The Internet Are Celebrating The Capital Gazette Slayings,1
Milo Yiannopoulos on 'gunning journalists down' remark: 'I regret nothing I said',-1
Trump has reportedly threatened to withdraw from the World Trade Organization '100 times',-1
The Supreme Court’s Term Just Ended. Here’s How Civil Liberties and Rights Fared.,1
The 'Neutron Option' Democrats Could Use to Retake the Supreme Court,1
Trump's White House has been a money-making machine,0
Mnuchin Calls Report That Trump Wants to Withdraw From WTO an ‘Exaggeration’,0
'Oh God': Melania Trump's horror at being shown picture of young boy left at US border,-1
Marco Rubio complains about state of media after Capital-Gazette reporter says f**k on CNN,-1
The Supreme Court has faced momentous resignations. Experts say Kennedy’s is unrivaled.,1
Deutsche Bank fails Fed stress test while 3 US lenders stumble,-1
President Trump’s money-making power is as unprecedented as his words,0
California lawmakers approve data-privacy bill opposed by Silicon Valley,0
The War on Yemen and Pompeo’s Pathetic Propaganda,-1
Deutsche Bank's US unit fails Fed's stress test,-1
Donald Trump Appears To Have Gotten Tricked Into Calling A Podcast Host From Air Force One,0
Judge to weigh relevance of Trump at upcoming Manafort trial,0
Lehigh County prepares for union shake up following Supreme Court ruling,1
President Trump says his ‘beautiful wall’ is being built. Nope.,0
Immigration reform: More than a decade of failure from Bush to Obama and now Trump,-1
No dinner for bad actors,-1
What you need to know before Saturday's massive immigration protests,-1
White House lawyer expected to be named new head of DEA,0
Maryland newspaper shooting proves words have power and journalists shouldn't be targets,0
"Former ICE lawyer switches sides: I want to protect immigrant children, not prosecute them",1
We Are All Paying the Price for America’s Reckless War Spending,-1
Nearly 600 arrested in DC protesting Trump immigration policy,-1
Trump IRS pick says he’ll work for all taxpayers,0
Overturn Roe v. Wade,0
"Trump to Millennials: Never, ever quit",0
Report: Trump Admin Preps New Rule To Deny Asylum To Border-Crossers,-1
"Marc Thiessen: Congrats, Trump voters. You've just been vindicated",1
George Papadopolous to be sentenced September,0
"Populist Trump now wants his base to be known as the ""super elite""",1
Poll: Two-thirds of Americans oppose reversing Roe v. Wade,0
"Trump Wants the Fight, Not the Deal",-1
Twitter Explodes After Homeland Security Headline Appears to Mimic ’14-Words’ Neo-Nazi Slogan,1
Sean Hannity suggests Democratic Rep. Maxine Waters is to blame for the Maryland newsroom shooting,-1
Trump Said to Seek U.S. Withdrawal From the World Trade Organization,0
Why is Trump still so popular? He gives his base what they want | Cas Mudde,1
Here's How Donald Trump's Influence on the Supreme Court Compares to Other Presidents,1
Most Americans Think Facebook and Twitter Censor Their Political Views,-1
Canada makes retaliatory tariffs official: 'We will not back down',0
Obama: “You Are Right to Be Concerned” About Trump,0
"In key states, voters want to see Trump alternatives in 2020",0
Watch: former ICE spokesperson says he was asked to “flat-out lie”,0
The Supreme Court is an anti-democratic nightmare. Here’s how to fix it.,1
The facts behind a Texas Democrat's viral campaign ad,0
Rising stakes stoke passions of community activists against Trump,1
CityViews: NYC’s Youth March to Sound the Alarm on Climate Change,-1
Trump’s press attacks didn’t cause the Annapolis tragedy. But there is a connection.,-1
"In Trump’s White House, literally everything is ‘so important’",0
Trump urges Republicans to oust Rep. Mark Sanford in primary,0
Dark-money groups that helped elect Eric Greitens now facing FEC complaint,-1
Capital Gazette Reporter To Trump: 'I Couldn't Give A F**k' About Your Prayers,0
The Capital Gazette’s journalists were under attack. So they used social media to report.,-1
Sen. Elizabeth Warren describes DHS border facilities: “cage after cage after cage”,0
Democratic 2020 hopefuls start admitting their ambitions,0
The Frontrunner to Be Trump’s Supreme Court Pick Is the “Forrest Gump of Republican Politics”,1
‘You’ve handed us an issue’: Democrats pounce on Trump administration’s health-care move,0
'Believe Me': Author on why white evangelicals got behind Donald Trump,0
Trump’s top economics adviser lies about the federal deficit,-1
Trump: Journalists should be “free from the fear of being violently attacked”,-1
G.M. Says New Wave of Tariffs Could Force U.S. Job Cuts,-1
ICE Director Erroneously Blames Congress For Family Separation Policy,-1
A Father and Son Who Disagree Over President Trump Are Running Against Each Other for the Same Seat,-1
President Trump Floats Chief of Staff Replacements Amid Shake-Up,0
Iowa Supreme Court rules abortion waiting period unconstitutional,1
Gutierrez: Republicans want to give Trump 'Rosenstein's head on a platter',0
Trump’s false assertion that Canada claims to ‘make’ $100 billion in trade with the U.S.,0
House passes $675B Pentagon spending bill,0
U.S. First-Quarter GDP Growth Revised Down to 2% on Services,1
House Republicans shout down Deputy Attorney General Rosenstein in tense hearing,-1
Two-thirds of Americans oppose rolling back Roe v. Wade,0
Political trajectories of Graham and Sanford reflect looking-glass GOP,0
Obama: ‘You are right to be concerned’,0
"The many ‘ridiculous,’ ‘insulting,’ ‘inappropriate’ questions Trump officials don’t want reporters to ask",0
Edward Snowden describes Russian government as corrupt,0
Maria Bartiromo to interview Trump this weekend,0
Trump’s claim that U.S. is only country with ‘thousands’ of immigration judges,0
"Democrats call out GOP for attacking Mueller, FBI for Trump",-1
Axios: Trump privately says he wants to withdraw from WTO,0
How The NRA Is Trying To Reach Women,0
Jennifer Harbury on the Crackdown on Asylum Seekers & How U.S.-Backed Dirty Wars Fueled Drug Cartels,-1
Sean Hannity already blames Democrats for Gazette shooting,-1
"Gillibrand calls to eliminate ICE: 'Get rid of it, start over'",0
Rosenstein: ‘We Are Not Going To Be In Contempt Of This Congress’,-1
Should Trump opponents heckle and harass?,-1
"Immigrant minor distraught over family separation is prescribed antidepressants in U.S. shelter, lawsuit alleges.",-1
Dems wrestle with hard-ball tactics in Supreme Court battle,1
Trump turned ‘Fox & Friends’ into his personal reality show,0
Larry Kudlow and the White House now claim the growing deficit is actually dropping — and 'rapidly',-1
"I'm Tom Goldstein, publisher of SCOTUSblog. I’m here to answer questions about court cases from this past term and Justice Kennedy’s retirement, AMA!",1
California passes 'strongest in nation' privacy bill limiting data harvesting,1
The Capital Gazette shooting and the limits of an assault weapons ban,-1
Trump confidant was willing to share information with UAE: report,1
Recapturing the Center in American Politics,0
President Trump’s false claim that Clinton wouldn’t have sent humans to Mars,0
Massachusetts Senate OKs Bill to Allow Gender 'X' Option,1
Who’s on President Trump’s list to replace Justice Kennedy?,1
What Justice Kennedy's Legacy Could Mean for the Future of the Supreme Court,1
Writer of anti-Trump texts at FBI tells lawmakers bias never affected his work,0
"Donald Trump says 'AMERICA FIRST' slogan is 'very threatening,' turning on his own inauguration address",0
Donald Trump's Nominee to Head UN Migrant Agency Rejected Amid Anti-Muslim Tweets Controversy,-1
"Russia ready to refute US election meddling allegations, spokesman says",1
Ocasio-Cortez on criminal justice reform seen through a lense of her faith.,1
"Donald Trump Can't Deal With 'Girl From The Bronx,' Says Democratic Nominee Alexandria Ocasio-Cortez",0
"Trump's administration claim only 250,000 Americans are in extreme poverty. The UN says it's over 18 million",-1
Levin: Left’s agenda is incompatible with constitutionalism,0
What Trump can teach progressives about viral communications,0
"Trump lauds Taiwan's Foxconn, threatens Harley on Wisconsin trip",-1
"Hobby Lobby's Illegal Antiquities Shed Light On A Lost, Looted Ancient City In Iraq : NPR",-1
Sen. Collins won’t apply ‘ideological litmus tests’ to Supreme Court nominee,1
He’s still hot on the speakers circuit. So how exactly did Bill Clinton dodge the #MeToo movement?,0
Video of NRA's Dana Loesch 'Happy' Over Media Being 'Curb Stomped' Resurfaces After Capital Gazette Shooting,0
Prank caller patched through to Trump on Air Force One,0
America’s immigration system is broken,-1
"Steve Schmidt, Never Trumpers and life after the GOP",0
Reporter Covering Immigration Warns Government Is 'Ill Equipped' To Reunite Families,-1
"Vladimir Putin, Not Donald Trump, Knows the Real Art of the Deal",0
Trump says probably won't ask Supreme Court nominee about abortion ruling,-1
The Trump administration changed its story on family separation no fewer than 14 times before ending the policy,-1
Kevin McCarthy claims that the labor participation rate is ‘going back up’ under Trump,0
Capital Gazette newspaper survivor erupts on Anderson Cooper — ‘Thanks for your prayers but I couldn’t give a f--k about them’,0
A Better Reason to Delay Kennedy’s Replacement,0
What happened at an immigrant detention center while ICE officials looked the other way?,-1
"Trump just squashed the last, best chance Washington had this year to protect ‘dreamers’",1
`Obamacare’ individual policies may see moderate or no increases for 2019,-1
Maxine Waters and the trope of the “angry black woman”,0
"Ahead of summit, U.S. and Russia tussle to control the narrative",0
The Senate's 3 Black Members Introduce Bill To Make Lynching a Federal Crime,-1
Capitol Police arrest about 575 people protesting Trump immigration policy at Senate office building,-1
Thousands of kids still haven't been reunited with their parents. Protesters ask: Where are the children?,-1
The Courageous Woman Who Is Organizing Separated Mothers Inside an ICE Detention Center,1
‘Not what we expected’: Trump’s tax bill is losing popularity,0
Rep. Pramila Jayapal arrested at D.C. protest of Trump’s ‘zero tolerance’ border policy,-1
Former Obama officials warn Trump not to repeat their mistakes on Russia,-1
Trump Wants to Blame OPEC for High Oil Prices. But He’s Much More at Fault,-1
Donald Trump doesn't think Russia meddled in 2016,0
Journalists call out Trump for anti-press rhetoric following Annapolis newsroom shooting,0
"Condemning Deadly Newsroom Shooting, Trump Tempers Hostility Toward Media",-1
"‘Nasty guy’: Trump attacks critic, touts accomplishments in House GOP meeting on immigration",-1
Growing Divide on Immigration and America’s Moral Leadership,0
Unaccompanied immigrant children sent to New York are “disappeared” by ICE,0
Here's what's on the docket for Paul Manafort's pretrial hearing,0
The Trump administration’s bogus spin that it obtained $2 billion for ‘school safety’,0
White House puts Supreme Court search on overdrive to announce pick by July 9,1
Federal Judge Orders the Immediate Release of Detained 9-Year-Old Brazilian Boy Who Was Separated From His Parents,-1
"Central Asia is the new economic battleground for the US, China and Russia",-1
"Yup, the ‘we’ll stop’ Trump text is bad. But Trump just overplayed his hand on the FBI.",1
Experts fear Trump will tilt Russian relationship in Putin's favour,0
Trump told Macron France should consider leaving the EU: reports,0
Trump IRS nominee owns property at Trump-branded hotel,0
Trump responds to shooting at Maryland newspaper,0
Hundreds of women arrested at protest of Trump border policy,-1
To Hell With Civility,-1
"MS-13 wanted to take her son, she says. So they fled to the United States.",1
Trump’s Michael Cohen problem just keeps looking more ominous,-1
FBI Agent: Manafort Raid May Have Stemmed from Associated Press Tip,0
"GOP Senator on Russian Election Hack: Hey, Everyone Does It",0
Rigging the System and Poor Shaming (Rightly) Are Incompatible Political Strategies,-1
"Capital Gazette shooting: 'Yes, we’re putting out a damn paper'",-1
Capitol Police charge nearly 600 people protesting Trump immigration policies,-1
"Lancaster police, mayor respond to tasing incident caught on video",0
Attacking Harley Davidson not the solution for making America great,0
Nigel Farage to Attend Barletta Fundraiser,0
“We’re seeing a creeping rise of autocracy”: Rob Reiner sounds the warning on Trump and truth,-1
"Trump responds to Maryland shooting: 'Journalists should be free from fear of being violently attacked""",-1
“Fear kills freedom”: New study shows political rhetoric fuels bigotry against Muslims,-1
Controversial Trump Pick Rejected to Lead UN's Migration Agency,-1
Andrew Cuomo Walks Back Statement Saying He’ll Stop Taking Fossil Fuel Money,-1
Poll: Nearly 70 Percent of Voters Don’t Want Roe v. Wade Overturned,0
Mueller: Flynn not ready to be sentenced yet in Russia probe,-1
Lawsuit alleges migrant child prescribed antidepressants in US shelter after being separated from family,-1
"After 40 Days Apart, a Migrant Family Reunites",0
The America We Thought We Knew Is Gone,0
Michael Moore gives details on his anti-Trump documentary and shares the release date,1
Trump’s Travel Ban Puts America’s Brain Drain in Hyperdrive,-1
Millennials are much more open to socialism,0
"In L.A., Obama urges donors not to take midterms for granted: 'We are seeing the consequences' of a political story based on fear",-1
"Maryland shooting: NRA spokeswoman Dana Loesch said journalists 'need to be curb-stomped', in resurfaced footage",0
The dubious statistic getting the DHS secretary in trouble with President Trump,-1
"Trump appointee guts UN document on racism, says leaders don’t have duty to condemn hate speech",-1
Five whoppers from President Trump’s impromptu news conference,0
Why Helsinki? 5 Reasons Finland's Capital Is Perfect for the Trump-Putin Summit,1
"Like Red Hen, restaurants can often refuse service based on politics",0
Top Dem House hopeful funded Gitmo detainees' legal help 'just after 9/11',1
2 Percent Of New York City’s Buildings Emit Half Its CO2 Pollution. They’re Luxury Towers.,0
"Sources identify suspect in Annapolis Capital shooting as Jarrod Ramos, who had long-running feud with paper",-1
This is how Collins and Murkowski marketed themselves as champions of choice,1
"Trump reportedly wants to pull the US out of the WTO, a move that would wreck the international trade system",-1
Trump predicts breakup of EU,0
Trump says he probably won't ask SCOTUS nominees if they'll overturn Roe v. Wade,0
Trump admin may further restrict asylum rights,-1
Marco Rubio has a fainting fit over the f-bomb.,1
Europe fears it occupies a special place in 'Trump hell',-1
Michael Moore’s Donald Trump Movie Is the “Film to See Before It’s Too Late”,0
Trump White House aiming to name a Supreme Court nominee before Europe trip,1
How Republicans could call Trump’s bluff on separating families,0
Milo Yiannopoulos texts about 'gunning journalists down' 2 days before Capital Gazette shooting,0
Dem lawmaker: GOP cares more about Clinton emails than gun violence,-1
"Quit the EU for better trade deal, Trump reportedly told Macron",1
White House aide was asked about Trump media attacks,-1
New Lawsuit Challenges FOSTA – The Federal Law Sparking Website Shutdowns,0
Interior watchdog reviews Zinke’s ties to Halliburton boss,0
"Senate overwhelmingly passes sweeping farm bill, setting up fight with House",-1
Trump: Journalists ‘Should Be Free From The Fear Of Being Violently Attacked’,-1
‘Shaken’ Rosenstein Felt Used by White House in Comey Firing,-1
"Senate passes farm bill, setting up food stamp battle with the House",-1
"Hannity outrageously points finger at Waters, Obama for rhetoric that fed Annapolis Capital Gazette shooting",-1
Trump treats politics like a knife fight. Democrats can’t pretend it’s a garden party.,1
Obama Breaks Silence: ‘You Are Right to Be Concerned’,0
Auto tariffs may cost hundreds of thousands of jobs,0
California lawmakers just passed one of the toughest data privacy bills in the country,0
A tale of two investigations: Benghazi vs. Mueller,0
Ryan stresses ‘no evidence of collusion’ with Russia a day after saying no evidence of spying on Trump,-1
"For Conservatives, Court Fight Is on Their Turf and in Their D.N.A.",-1
Obama Tells Democratic Donors To 'Get Organized' And Register Voters Before Midterms,0
"Central America battles corruption, violence despite billions in US aid",-1
Possibility of civil unrest hangs over regulatory hearings on controversial Enbridge pipeline proposal,-1
Jeff Rubin: Canada's next salvo in the trade war should target U.S. coal shipped from Metro Vancouver,-1
"In the wake of Capital Gazette shooting, journalists react: 'We love this damn job'",1
Russian Singer in Donald Trump’s Collusion Scandal Debuts Video Evocative of Rumored ‘Pee Tape’,-1
Ocasio-Cortez's mother: Daughter wants to be president,0
Supreme Court vacancy exposes bankruptcy of the Democratic Party,1
"Trump Tried To Slam The Door On Migrant Kids, But Courts Don't Work That Way",-1
Sean Hannity ties Annapolis newspaper shooting to Maxine Waters,0
How 'Abolish ICE' Went From Social Media to Progressive Candidates' Rallying Cry,-1
Trump is losing the country on immigration,-1
The problem with prisons in America,-1
Obama's message to Dems: Do more than mope,-1
Republicans put power of party behind eleven 'Young Gun' congressional candidates,0
"Sean Hannity Blames Maxine Waters, Obama for Newspaper Shooting",-1
"As Democrats head into the midterm fight of their lives, it's clear Nancy Pelosi is no longer fit to lead",0
AP - Some questions in Trump-Russia dossier now finding answers,0
Kentucky’s first-in-the-nation requirement that Medicaid recipients must work is blocked,-1
"In Brownsville, Converting Pain and Anger Into Action",-1
Political Intrigue: What This Consultant Is Doing In Hawaii Is A Mystery,0
Senate passes legislation to legalize hemp as agricultural commodity,0
Abortion is already emerging as a top issue in the midterms with Supreme Court vacancy,1
Is This The Year Women Break The Rules And Win?,1
What Happened With Merrick Garland In 2016 And Why It Matters Now,0
Trump blasts Mueller probe while promising a great SCOTUS nominee,1
Trump privately floats plan to make a deal with Putin on Syria,0
Justice Kennedy’s Departure a Grim Prospect for Election Reform,1
"Kirsten Gillibrand, Bill De Blasio Call To Abolish ICE",0
Senate to include measure blocking Trump’s ZTE deal in defense bill,-1
Will federal officials further regulate online political ads? Too soon to tell.,0
Senators Look to Give Trump Authority to Reform and Reorganize Government,0
"Family Separations Happen Within Our Borders, Too",0
Conservatives Won Big at Supreme Court Even Before Kennedy Quit,1
Trump floats chief of staff replacements amid shake-up,0
Hundreds Protest President Trump's Immigration Policy at Senate Offices,-1
"White America’s Age-Old, Misguided Obsession With Civility",-1
Mueller again asks for delay in Flynn sentencing,-1
U.N. migration agency rejects Trump-pitched leader,-1
Trump isn’t telling the truth about illegal immigrants and crime. The public knows it.,-1
Seasoned Judge And Relative Newcomer Rise To Top Of Trump’s List,1
The plan to overturn Roe v. Wade at the Supreme Court is already in motion,1
The Violence Central American Migrants Are Fleeing Was Stoked by the US,-1
"Deputy Attorney General Rosenstein, FBI Director Wray face angry House Republicans",-1
Sanctions and Tariffs Create Distrust and Enmity,0
Trump reportedly falls for prank call aboard Air Force One,0
The worst part about Trump’s lies is that so many people believe him,-1
Republicans Ready to Deploy Plan to Repeal Roe v. Wade,1
"U.S. Democrats Are Losers, Russian Foreign Minister Says, Echoing Donald Trump",-1
Kennedy retirement reunites fractured Republicans,0
Trump is right to meet with Putin -- Here is what they need to talk about,0
Trump doubles down for North Dakota’s GOP Senate nominee amid tensions,-1
"Freeland announces final tariff list, aid package as trade war with U.S. gears up",-1
Utah Metalworking Company Cancels Expansion Plans Because Tariffs,-1
U.S. Won’t Say How It Will Reunite Split-Up Immigrant Families,0
Hannity links Maxine Waters's rhetoric to Maryland shooting,0
'Don't get cute' Trump tells Harley-Davidson while feting Foxconn,-1
Donald Trump's Top Economic Adviser Just Made A False Claim About One of the Most Basic Facts On the Economy,1
Kudlow claims rising deficit is coming down,-1
Trump and Kirstjen Nielsen’s embarrassing surrender on separating families at the border,-1
Fact-checking President Trump’s attacks on the cost of Mueller’s investigation,-1
Fix the Supreme Court’s broken election rulings,0
Foxconn's first Wisconsin factory likely will be smaller than planned,0
The Capital Gazette suspect’s rage against truth-telling is just like Trump’s,-1
‘We have a profound problem’: Mark Sanford has some thoughts about Trump and the truth,1
Polling data shows Republicans turned out for Trump in 2016 because of the Supreme Court,1
Stephen Harper plans visit to White House without telling Canadian government: report,0
Concern over using US military to help border enforcement,1
Trump Hired A Cop To Run ICE. It Didn’t Work Out.,0
Trump’s hate for the World Trade Organization already has analysts spooked,-1
The consistent theme throughout some of the biggest controversies of the Trump presidency,0
Trump on Annapolis shooting: ‘Attack shocked the conscience of our nation’,-1
Police are preemptively deploying to New York newsrooms in case of additional gun violence,-1
Planning for Trump's Military Parade Getting Underway,0
Michael Moore: We Have to ‘Put Our Bodies on the Line’ to Stop Trump,-1
“They Can Effectively Kill Roe v. Wade By a Thousand Paper Cuts”: How Kennedy’s Retirement Screwed the Left,-1
"White Supremacists’ Use of Campus Propaganda Is Soaring, Report Finds",-1
Mission creep a way of life in Western Pacific as sailors struggle with constant demands,-1
Wanted: Justice Amy Coney Barrett,1
Border Patrol Agent: Trump's wall is the best way to end to the humanitarian crisis on our southern border,0
"Trump’s top economic adviser says deficit ‘is coming down rapidly,’ contradicting virtually all available data",-1
FBI's Strzok asked to defend anti-Trump texts at public hearing,0
Pranksters call the White House and end up on the phone with President Trump,0
McConnell defends push to confirm new justice before midterms,1
Thousands Of Women In D.C. Protest Trump’s Migrant Family Separations,-1
Trump officials considering cuts to ObamaCare outreach groups,0
Dem calls for hearings on allegations Pruitt retaliated against staffers,0
Ex-Republican Operative Steve Schmidt: 'The Party of Trump Must Be Obliterated. Annihilated. Destroyed',-1
Affirming Disadvantage,-1
Vermin Supreme sues to run for Kansas attorney general,1
U.S. candidate loses race to lead U.N. migration agency,-1
"600 arrested in D.C. while protesting Trump immigration policy, including a congresswoman",-1
Schwarzenegger reignites feud with Trump,-1
Fight Trump's fire with the firepower of voting,-1
"In 'Stunning Indictment', ICE Officers Call for Own Agency to Be Dissolved Amid Growing Outrage Over Immigration Policy",0
Capital Gazette Reporter To Trump: ‘I Couldn’t Give A F**k’ About Your Prayers,0
Unclear if Trump admin. is capable of reuniting migrant families,0
Trump’s Newsprint Tariff Is a Tax on America’s Free Press,1
California just passed the toughest data privacy bill in the US,0
"Happy Friday, Please Enjoy This Incredible Video of Two Canadians Trying to Avoid Arrest at a Convenience Store",1
Family separations push new protesters to join immigrant activists,0
"Trump, lawmakers respond to Capital Gazette shooting",0
"Cornyn, Cruz led failed Senate push for work requirements for food stamps, a step already approved by U.S. House",0
‘I snookered them’: Illinois Nazi candidate creates GOP dumpster fire,-1
Does America face a refugee or an immigration problem?,-1
US ranked in top 10 most dangerous countries for women: poll,-1
"So, Black Americans Still Aren’t Cool With Trump’s Immigration Plan",1
‘There’s No Happier Person in America Right Now Than Scott Pruitt’,1
Nearly 600 protesters at Women's March arrested on Capitol Hill,-1
"Two Trump speeches, two dozen dubious claims",-1
Is Trump Giving Putin a Victory in Syria?,1
Kushners say in lawsuit they’re victims of anti-Trump anger,-1
"Texas presses Trump on aluminum, steel tariffs",0
NBC: Police Name Annapolis Shooting Suspect as Jarrod Ramos,-1
"'Ecstatic' Religious Right Sees Kennedy Resignation As Chance To Overturn Roe, Obergefell",0
Keep kids with parents at border — and remember how we got here,0
Trump is trying to destabilize the European Union,0
Oscasio-Cortez: No one 'should be too poor to live' in America,-1
Kelly expected to leave White House this summer: WSJ,0
A guide to President Trump’s latest round of fact-challenged tweets,0
"Justice Trump? Betting website gives long-shot odds on Ivanka, Kanye West being Supreme Court pick",1
Democrats demand to know why Pentagon is 'backing away' from LGBT Pride Month,1
California Unanimously Passes Historic Privacy Bill,0
"The Lorax, a Holocaust Prophecy DVD, and Other Weird Stuff People Have Sent Rick Perry",0
Barack Obama says he told Donald Trump to rename Obamacare and take credit for its success: Report,1
‘We will not obey’: 575 arrested as hundreds of women rally in D.C. to protest Trump’s immigration policy,0
Hundreds Arrested Protesting Trump Administration's Immigration Policies,-1
Nick Ayers and Mick Mulvaney Said to Be Trump’s Top Picks to Replace Chief of Staff John Kelly,1
How the ‘Bad Boys of Brexit’ forged ties with Russia and the Trump campaign — and came under investigators’ scrutiny,0
Hillary Clinton on Trump’s child-detention policy: ‘It keeps me up at night’,0
"Even After Border Family Separation Controversy, Trump's Approval Rating Among Hispanic People Climbs",1
"Senate passes $428 billion farm bill, setting up fight with House over food stamps, subsidies and conservation",-1
Medicaid work requirements: Judge says Kentucky work rules are illegal,-1
Battle over Trump court pick to be most expensive ever,-1
3 lessons from Trump’s immigration fiasco,-1
"MSNBC, CNN Covered Upsets by Ocasio-Cortez and Brat Quite Differently",-1
"Migration Agency Picks a New Leader, and Sends Trump a Message",0
How many votes will Trump's court nominee get? You tell us.,0
"Trump’s attacks on federal employee unions, pay and benefits draw bipartisan rebukes",0
Trump's controversial pick for top UN migration job voted down in Geneva,0
Embattled Trump fixer Michael Cohen claims he's 'owed an apology' for dossier claims about Russian collusion,0
"Wyden, Castro, Van Hollen, Sanders Introduce Measure to Restore Oversight of Federal Facilities",1
The Capital Gazette shooting and what’s wrong with the current public discourse about the media,-1
Fact-checking claims about Trump’s citizenship question in the census,0
Where the U.S. has considered leaving or left international agreements under Trump,1
Millionaire Democratic megadonor Alan Patricof goes on the offensive against President Donald Trump,-1
Robert Mueller Must Finish Investigating Before Trump Gets His Supreme Court Pick,1
"Keith Ellison Goes Off on SCOTUS Ruling ‘Tailor-Made’ for Trump’s ‘Racist, Ugly’ Policy",0
"Despite GOP controlling Senate, Democrats promise SCOTUS fight ahead of midterms",0
"Young political star Ocasio-Cortez: In a moral, wealthy society, 'no person in America should be too poor to live’",-1
Mexico’s presidential front-runner could shake up Trump and NAFTA,0
To legalize or not? Here's where candidates for Kansas governor stand on pot,0
The NSA Is Using Secrecy to Avoid a Courtroom Reckoning on Its Global Surveillance Dragnet,-1
"Strzok's lawyer demands House panel release interview transcript, accuses GOP lawmakers of partisan leaks",-1
Obama offers Democrats tough love ahead of midterms: 'Enough moping',1
"With G.O.P. Primary on Staten Island Over, Enter the Democrat",0
White House scrambles to figure out how prankster got on the phone with Trump,0
People are slamming Fox News for reporting that the Maryland newspaper just targeted in a shooting doesn't have an ideological bent,0
Trump Celebrates Wisconsin Foxconn Facility Amid Tariff Tensions,1
Trump Predicted Killing The Filibuster Would Come Back To Bite Democrats,-1
Paul Ryan says why he's not tougher on Trump,0
Former Roger Stone aide makes bid to oust Mueller after subpoena,0
Here's What We Know About The Suspect In The Maryland Newspaper Shooting,-1
The Immigrant Children’s Shelters Near You,0
Hillary Clinton says Trump's family separation policy 'worse than her worst fears',-1
Democrats can kiss swing voters goodbye with progressive ballot,1
Leaked chat logs show Unite the Right disorganized and desperate for mainstream acceptance,-1
A Future Without Unions Is a Terrifying Dystopia,1
"Sen. Jeff Merkley suggests Supreme Court nominee could ""lock in an anti-American majority""",1
"To solve his immigration crisis, Trump turns to a table of white men",-1
"After a year and a half, Trump fills key South Korea post",0
Trump's Chances of Coal Bailout Get Better With Resignation,1
Senator Tammy Duckworth and Her Infant Join Immigration Protests in D.C.,0
Puerto Rico introduces bill to become U.S. state by 2021,0
Trump admin ran 'pilot program' for separating migrant families in 2017,0
Democrats say Barletta should cancel fundraiser with Brexit leader Farage,-1
Trump May Nominate Top Court Pick Before July 10: White House Official,1
Former ICE Chief Counsel Sentenced to Four Years in Prison for Wire Fraud and Aggravated Identity Theft Scheme,-1
Trump wants US troops out of Syria. Putin might use that to his advantage.,1
Alec Baldwin wants your help to protect the Mueller investigation,1
Tom Steyer Goes Big for Andrew Gillum in Florida Governor’s Race,0
Lesson of the Blue Wave Primaries? We’re All Struggling Now,-1
SCOTUS: 5 key senators who could decide fate of Trump's nominee,0
The Dark Money Campaign to Replace Anthony Kennedy Has Already Begun,0
Trump reportedly wants out of World Trade Organization,0
What Does Ocasio-Cortez’s Win Mean for Cynthia Nixon?,1
"‘If it wasn’t the Roberts court already, it is the Roberts court now’",0
Newspaper reporter Conor Berry resigns over false claim Annapolis shooter wore MAGA hat,-1
"Finally, a family separation story with a happy ending",1
"Justice Department: Disney Can Buy 21st Century Fox, But With One Caveat",1
Prison Operators Could Cash In on Trump’s ‘Zero Tolerance’ Immigration Policy,-1
President Trump’s interactions with media: Not a standout in any category,0
Legal bid to throw out US sex trafficking law,0
California Just Passed the Strictest Online Privacy Bill in the Country,0
“Say Hello to Your Boy. A Special Guy.”,1
Court case will cost California unions big money immediately. Then the real fight begins.,-1
"Alleged Annapolis Newspaper Shooter Had History of Harassment, Sued Paper for Defamation",-1
Kim Jong Un ordered army officer executed after giving soldiers extra food: report,1
"Cops Arrested a Black Man. He Called Them Nazis, So He Was Charged With a Hate Crime.",-1
An open letter to Sen. Jeff Flake,0
Trump has repeatedly told aides he wants to quit the WTO: Axios,0
Suspected Capital Gazette shooter Jarrod Ramos legally purchased pump-action shotgun within last 18 months,0
Did Trump’s aluminum tariffs spark a $1.5 billion plant in Kentucky?,1
Trump’s Always-Wrong Economist Lawrence Kudlow Wrongly Says Deficit Is Falling,-1
Sarah Sanders: 'A violent attack on innocent journalists doing their job is an attack on every American',-1
How a Ragtag Group of Socialist Filmmakers Produced One of the Most Viral Campaign Ads of 2018,0
"With Trump Ready to Name Far-Right Justice, Poll Shows Nearly 70 Percent in US Want Women's Abortion Rights Protected",1
Trump Begins Influence Campaign On Critical Senators In Supreme Court Vote,1
Maxine Waters Cancels Events in Alabama and Texas After Threats,-1
"Under Trump, Higher Immigration Bonds Mean Longer Family Separations",0
Senate Dems ask FEMA to extend Puerto Rico shelters,0
"Actor Jay Ellis of HBO’s “Insecure” Condemns Separation of Families at Protest in Brownsville, Texas",-1
This European country makes US look lenient on immigration,1
"Herring files lawsuit against Purdue Pharma, alleging lies about opioid risks",-1
Trump’s bundle of faulty claims about Amazon’s cost to taxpayers,-1
Trump and Putin: A Love Story,1
Anthony Kennedy's Son Gave Trump $1 Billion in Loans at Deutsche Bank,0
Inside the White House’s Quiet Campaign to Create a Supreme Court Opening,1
Rachel Maddow is right. There was no plan for reuniting families split at border,-1
Nevada Brothel Owner Who Won Republican Primary Accused Of Rape,-1
Trump’s claim that an Obama administration effort on Iran was ‘totally illegal’,0
The US Mint lost $69 million making pennies last year,-1
President Trump’s repeated claim that Comey ‘leaked classified information’,0
John Kelly expected to leave White House this summer,0
Intrigue and uncertainty loom over Trump-Putin summit,-1
By the numbers: How Trump properties profited from his presidency,1
"Capital Gazette writer says ""thanks for your prayers, but I couldn't give a f*** about them if there's nothing else""",1
Ex-ICE chief counsel sentenced for stealing undocumented immigrants' identities,-1
Republicans fume after Trump’s latest immigration tweet undermines House talks,-1
‘Be careful what you wish for Max!’: Trump takes aim at Waters after she calls for public harassment of his Cabinet,0
Trump rejects parts of VA law he was ‘very happy’ to sign,-1
UN migration agency rejects Trump nominee,-1
America’s Mayors Sound Off,0
"Trump Lied About Parents Of Korean War Vets, Now He’s Lying About Returned Bodies",-1
"In Flake’s war on Trump tariffs, judicial picks are caught in the crossfire",-1
Donald Trump Is Cashing In on His Cult of Personality,0
The Paradox of Trump's Populism,0
"On immigration, Trump keeps making life absolutely miserable for Republicans in Congress",-1
California passes strictest online privacy law in the country,0
Native communities threaten Standing Rock-style protests after Minnesota pipeline approval,0
5 Dead in Shooting at Annapolis Newspaper,-1
"In Human Trafficking Report, State Dept. Warns Against Separating Children From Parents",0
Panicked Democrats are scrambling for a plan to handle insurgent candidates as more upend the 2018 midterms,-1
Brexit: May urges EU leaders to put citizens' safety first,1
Democrats Owe The Public A Real Supreme Court Fight,1
"Trump's top economic adviser says the deficit is going down, but the government disagrees",-1
Manafort assistant gave FBI access to storage locker: testimony,0
Trump supporters praise ‘wonderful resolution’ to crisis over migrant families,1
If the Obama administration did not direct anyone to contact Trump campaign officials would it be classified info that Rosenstein could not discuss?,0
Sean Hannity immediately blames Rep. Maxine Waters for Maryland newspaper shooting,-1
California passes sweeping law to protect online privacy,1
U.S. unveils 'streamlined' tax form to warnings from Democrats,-1
President Trump’s claim that Democrats created ‘catch and release’ policies,1
"Special counsel Mueller reportedly interested in Brexit boosters' ties to Trump associates, Russia",1
Obama apparently told Trump to just rename ObamaCare to TrumpCare instead of repealing it,0
Iowa court blocks 72-hour waiting period for abortion,-1
‘I simply disagree with the president’: McConnell resists Trump’s repeated calls to scrap the filibuster,-1
Trump Aims to Have Kennedy's Replacement in Seat by October,0
Reuters global editor apologizes for telling Trump 'blood is on your hands' after Annapolis shooting,1
"After newsroom shootings, a quick collapse into blame and division",-1
Giant Donald Trump Balloon in KKK Robe Welcomes Melania to Phoenix Immigration Shelter,1
"President Trump has made 3,251 false or misleading claims in 497 days",-1
Trump’s false portrayal of his Sanford insult goes largely unchallenged by House Republicans,-1
Trump is using family separation as a bargaining chip — but he doesn’t seem to know what for,0
"Trump and Putin, Best Frenemies Forever",1
5 Issues Trump’s New Supreme Court Pick Could Confront Including Gun Rights and Death Penalty,-1
Trump’s claim that Iran could build nuclear weapons in seven years,-1
"NJ shutdown: Al Gore, Democratic stars ride to rescue Phil Murphy in Trenton budget battle",0
Giuliani suggests Trump may pardon Manafort after Mueller’s probe,1
Rep. Maxine Waters cancels events due to ‘very serious death threat’,-1
Court opening puts pressure on Democrats in Trump country,-1
Watch: Trump remarks on 6-month anniversary of Tax Cuts and Jobs Act,-1
More than a dozen ICE agents call to abolish agency,0
Concentration camps in America,0
Ayers and Mulvaney eyed as possible Kelly successors,1
Ex-Trump campaign aide Papadopoulos to be sentenced Sept. 7,0
Trump Talks Supreme Court Picks With Democrats Who Voted for Neil Gorsuch,1
"Trump offers support for House GOP immigration bill, but it may not be enough",1
Trump celebrates tax law's 6-month mark as IRS rolls out smaller filing form,1
Alexandria Ocasio-Cortez is the future of US politics,0
Scoop: Trump's private threat to upend global trade,-1
Trump Admin Issues Report Telling Other Countries Not to Separate Children From Families,0
Janus Supreme Court decision is a blessing in disguise: Guest opinion,1
The fate of the Supreme Court could ride on these 2 senators,1
President Trump’s flip-flop on coverage for preexisting health conditions,0
"After Backlash, Pentagon Scraps Proposal for Immigrant Detention Camp Outside San Francisco",-1
Maryland shooting: Gazette staff publish Friday edition,0
Trump administration plan would bar people who enter illegally from getting asylum,0
Democrats Tie Trump Supreme Court Pick To Russia Investigation,1
Texas Protesters March to Federal Courthouse Where Migrants Are Being Prosecuted in Mass Trials,-1
White People Are Noticing Something New: Their Own Whiteness,0
California bans local soda taxes through 2030 to avert industry-backed initiative,0
President Trump’s claim that California has the ‘highest taxes in the United States’,1
Watch Alexandria Ocasio-Cortez Relive Her Surprise Victory on Late Show,1
AT&T Begins Testing Its Power In The Wake Of Merger Mania & The Death Of Net Neutrality,-1
"After Supreme Court ruling, congressional Democrats mobilize to fight for unions",1
U.S. House Committee Approves Bill That Would Pave Way for Penalizing Israel Boycotts,0
De Blasio calls for abolishing ICE,0
"More than 800 cases of abuse motivated by hate in immigrant detentions centres under Trump, report reveals",-1
"Are your eyes lying to you? Experts, Pentagon hunt for tools to detect hoax videos",-1
Kim Plays the Long Game,1
‘Cotton-picking mind’? Trump surrogate encapsulates the president’s problem with black voters.,-1
How Trump Could Sell Out Syria to Putin,0
A new civil war is already upon us,-1
Leahy and Murray seek to restrict 100-mile border patrol zone,-1
Five highlights from the tense Wray-Rosenstein hearing,-1
Anthony Kennedy Was Never Really a Friend to Liberals,-1
Mexico asks United Nations to intervene on family separation by U.S.,1
Is Trump trying to dismantle NATO & The EU?,0
Trump Policies Highlighted in Scathing U.N. Report On U.S. Poverty,-1
Chelsea Manning loses Maryland Democratic primary in a landslide,-1
"Gov. Charlie Baker signs $15 minimum wage, paid family leave into law",0
Fox News Reminds Us Alexandria Ocasio-Cortez's Platform Is...Pretty Reasonable,0
Robocalls: New delivery system for hate messages,-1
McConnell went 'nuclear' to confirm Gorsuch. But Democrats changed Senate filibuster rules first.,0
Watch ICE Whistleblower Receive Surprise Visit From Homeland Security Agents,1
"Nancy Pelosi could be a drag on Democrats. Nearly half of voters are less likely to support a candidate if they back her, NBC/WSJ poll says",0
US Secretary of State Mike Pompeo ‘to visit North Korea next week’,0
There is one way to fix the Supreme Court,1
Trump's New IRS 'Postcard' Is Not So Simple And Not Really A Postcard,0
Federal authorities dismantle portion of Portland ICE protest camp and make arrests,-1
A brief rundown of the long legal history of Trump’s travel ban,-1
Trump's Approval Rating Rises Among Hispanics,1
Trump torn: Is it better to get good press or bad?,0
"After Warning Congresswoman 'Be Careful,' Trump Has Yet to Denounce Lynching Threats Made Against Maxine Waters",-1
UN migration agency rejects Trump-pitched leader,-1
Trump reportedly offered France better trade deal to leave the EU,1
Donald Trump is pretty sure he's nailing this whole 'President' thing,1
"Senate passes its version of farm bill, setting up clash over food stamps",0
"Arab Leaders Asked U.S. Not to Reveal Mideast Peace Plan, Palestinians Say",1
'We are putting out a damn paper tomorrow': Capital Gazette journalists report on shooting in their own newsroom,-1
NYC Mayor Bill de Blasio Joins Call to Abolish ICE,0
Senate passes mammoth farm bill,0
Manafort's assistant gave FBI access to evidence in storage locker,0
Republican senator hopeful Trump will back bill to protect states’ rights on marijuana,1
"Inside a U.S. immigration jail, mothers count the days since they’ve seen their children",0
'People Need to Calm Down': Co-Chair of Women for Trump Receives Death Threats After CNN Appearance,-1
Trump Wants His Supporters Called the “Super-Elite” Because “We Got More Money” and “Nicer Boats”,1
Mueller investigation must not be tampered with,0
"Donald Trump's Federal Judge Selections Have Been the Most Mainstream Thing He's Done, Experts Say",0
Resignation of Republican regulator who didn’t tow the party line surprises energy world,1
"Journalist Alissa Quart On Income Inequality, The Shrinking Middle Class, And Her Book “Squeezed”",0
Senior Ice lawyer sentenced to prison for stealing immigrants' identities,-1
DACA Illegal Alien Accused of Smuggling Illegal Aliens Across U.S.,-1
Michael Moore: Trump opponents need 'to put our bodies on the line',0
"“He Could Go Down in History as the Man That Saved This Country”: Freed from Trump, Michael Cohen Sees a New Identity: National Hero",1
Trump’s complaint that it will take 9 years to get all his nominations approved,0
Trump’s dislike of — and desire to be a part of — the ‘elite’,0
Five Truths About Voter Suppression,1
Republicans might need an even stronger U.S. economy to hold onto House,1
"Maxine Waters says she's faced increased threats, cancels attending 2 events",-1
"Trump-Putin summit set for Helsinki, Finland on July 16",0
Trump administration may further restrict asylum rights,-1
Jeff Flake Is the Emptiest Suit in American Politics,-1
Doctor giving migrant kids psychotropic drugs lost certification years ago,0
Trump wants to limit immigration. He’s scapegoating immigrants in the process.,0
Obama Chides GOP Values: 'A Fundamental Contrast Of How We View The World',1
UN migration agency snubs Trump’s nominee to lead it,-1
Are Democrats too consumed with taking down Trump? Many Democrats worry they are.,-1
U.S. ends 70 years of military presence in South Korean capital.,0
"Alexandria Ocasio-Cortez blasts anti-Semitic, 'bigoted' campaign volunteer",0
"Sen. Kirsten Gillibrand on Abolishing ICE: ‘Get Rid Of It, Start Over’",0
Associated Press may have led FBI to Manafort storage locker,0
Orcasio-Cortez: Trump’s not ready to deal with a girl from the Bronx,-1
"Rebuking Trump, Senate panel okays federal pay raise, but House plans big hit on pensions",1
"Administration to Congress: Fix Trump’s separation policy. Democrats, though, insist the president solve it himself.",1
President Trump’s claim that death sentences would stop drug trafficking,-1
"A comedian reportedly prank called Trump, and Jared Kushner patched him through",1
Democrats are acting like a bunch of cowering dandies. They need to grow a spine and throw some punches.,1
"Collins, Murkowski to play pivotal role in Supreme Court abortion battle",1
The Latest: Trump tweets 'thoughts and prayers' for victims,-1
Trump to Macron: Why Don't You Leave the European Union?,0
Did Michael Cohen just drop a hint about flipping on Trump?,-1
The list of Democrats calling to abolish ICE keeps growing,0
Comedian claims he tricked Trump while impersonating Dem senator,1
"Does American ‘Tribalism’ End in a Compromise, or a Fight?",-1
‘Everyone is focused on Lisa and Susan’: The two most powerful senators in the fight to replace Kennedy,1
Putnam parrots previous absurd claim on food stamps for illegal immigrants,-1
"‘Trump started this, and Trump can end this’: Democrats urge president to reverse immigration policy",0
Federal employees and contractors trapped by Trump’s family separation policy,-1
Melania Trump Asks Kids If They’ve ‘Made Friends’ in Immigration Facility,0
Susan Sarandon Arrested Protesting Trump’s Immigration Policy,-1
"Ahead of high-stakes midterms, Barack Obama plans a bigger role in political races",0
Elaine Chao confronts immigration protesters outside DC event,-1
We Don't Know Yet Why the Annapolis Shooter Did What They Did. But We Know How.,0
Does President Trump’s border wall pay for itself?,0
Is ‘Balanced Intellectual Property’ Code For ‘Anti-Intellectual Property’?,1
Sean Hannity blames Maxine Waters for deadly shooting at Capital Gazette newsroom,-1
The Trump Administration Is Reshaping the Country Under the Guise of National Security. The Energy Sector Is Next.,1
Another former aide to Roger Stone subpoenaed in Russia investigation,0
‘He is so in debt’: Paul Manafort fights use of financial records at trial,-1
Shooting Suspect Blamed Paper for Reporting on His Stalking,-1
"Treasury, IRS announce postcard-size form 1040 for next year",1
Hundreds arrested in DC protesting Trump immigration policy,-1
"With Kennedy Gone, Roberts Will Be the Supreme Court’s Swing Vote",1
Manafort assistant gave FBI access to storage locker - testimony,0
'What's wrong with our society?' Annapolis mayor voices concern at hostility to media,-1
How Cities Became the New Unions The $15 minimum wage was just the beginning. Now Seattle is trying to build a whole safety net for workers—and triggering a war with its biggest companies.,-1
Recidivism Watch: Trump administration again blames others for its own family separation policy,-1
Susan Sarandon among hundreds arrested at anti-Trump immigration rally | More than 500 women were charged by police after gathering to demand families separated at the US-Mexico border be reunited.,-1
AT&T to pay $5.25 million to settle U.S. probe into '911' call outages,0
A U.S. leader meeting a Russian one is not particularly unusual. The context is.,0
Former Trump Campaign Aide Papadopoulos to be Sentenced Sept. 7 in Russia Probe,0
First shots fired in political war over Supreme Court justice,0
Hillary Clinton: Trump’s Border Policy Is ‘Truly Unimaginably Cruel’,0
SCOTUS abortion ruling will win Trump needed points with white evangelicals,1
10 Democratic rising stars to keep an eye on for the post-Pelosi era,0
A Better Christian Nationalism,1
Can millennials save unions in America?,1
Talk About 'The Appearance of Corruption',0
Trump postpones congressional picnic amid immigration furor,-1
Dem lawmaker arrested in immigration protest at Senate office building,-1
US judge orders immediate release of detained Brazilian boy,-1
"Trump's message to the families of the murdered journalists rings hollow, especially as he views them as ‘the enemy of the people’",-1
What you should know about this weekend's protests against Trump's immigration policy,-1
Trump's trade war might close down America's largest nail factory — but workers remain diehard Trump fans,-1
Scandals Haven't Beaten Pruitt. A Policy Spat Over Biofuel Might,-1
The suspicious business relationship between Trump and Justice Kennedy’s son,1
The Biggest Lesson from Alexandria Ocasio-Cortez’s Win? Run on Democratic Socialism.,1
Alexandria Ocasio-Cortez’s opponent hasn’t gotten a single donation yet,0
Crowley’s Loss Heralds an ‘End of an Era’: Last of the Party Bosses,0
"As Canada taxes everything from whiskey to cucumbers, the majority of US states could suffer",-1
A year later: Does Trump’s Mexico City policy ban funds to groups that ‘even mention’ abortion?,-1
"Before Trump warned that Maxine Waters had ‘called for harm,’ he told supporters he’d like to punch a protester",1
"The Supreme Court’s ruling that Trump’s travel ban isn’t a ‘Muslim ban,’ annotated",0
"Analysis: Trump's top economic advisor says deficit is 'coming down rapidly,' contradicting virtually all available data",-1
Donald Trump Responds To Annapolis Shooting,0
Some questions in Trump-Russia dossier now finding answers,0
US Judge Orders Immediate Release of Detained Brazilian Boy,-1
"The Trump-Russia story reaches a ridiculous new zenith, in a Russian music video",-1
Fmr Clinton Aide Implies Justice Kennedy Made Court Decisions Based on Relationship with Trump,1
Donald Trump and Vladimir Putin plan a summit: Our president remains suspiciously eager to please,1
Trump has repeatedly told staff he wants to quit the WTO: report,0
Databases key to Trump’s crackdown on opioids,0
"Melania Trump Returns to the Border, This Time Without Subtext",0
European allies hugely worried over Trump's summit with Putin,-1
Report: The IRS's Customer Service Is As Terrible As You'd Expect,-1
US Steel Is Not Opening Any New Plants,0
"Livid Over Aide’s Testimony, Pruitt Tried To Ruin Her Future Job Prospects",-1
The Roberts Court Protects the Powerful for a New Gilded Age | New York Times,1
Here’s why you should join us on the Trump protest in London on 13 July,0
"President Trump has made 3,001 false or misleading claims so far",-1
The White House’s Stick And Carrot Tactics To Nab Kennedy’s Seat,0
"In Meeting With Putin, Experts Fear Trump Will Give More Than He Gets",-1
White House waged quiet campaign to create a Supreme Court opening,1
"White House official ignores question about Trump’s attacks on the press, attacks Maxine Waters",-1
Sean Hannity disputes claim he tied Waters rhetoric to Annapolis newsroom shooting.,-1
Ocasio-Cortez: Democrats feared they'd lose their jobs if they backed me,-1
"Mitt Romney’s new campaign: Not exactly a friend of Trump’s but not an enemy, either",1
Trump’s Supreme Court Pick Could Have a Dicey Task: Deciding Trump-Russia Cases,1
Texas Tribune: Immigrant Toddlers Ordered To Appear In Court Alone | Hardball | MSNBC,-1
Trump to Harley Davidson: ‘Don’t get cute with us’,1
"As Republicans flee Trump border policy, Democrats see a November benefit",1
"NSA deletes phone records, citing ‘technical irregularities’",0
New Poll Has A Bunch Of Awful News For Democrats,-1
Donald Trump Says His 2020 Slogan 'Keep America Great!' Will Be On Green Hats to 'Represent Cash',0
"Once again, Congress leaves town without an immigration solution",-1
Federal judge blocks Kentucky’s Medicaid work requirements,-1
